Admin,Product,Subject,Product Type,Section Version
2019,Math discrete item pool,Math,Discrete item,TBD
2019,Reading discrete item pool,Reading,Discrete item,TBD
2019,Science discrete item pool,Science,Discrete item,TBD
2019,All reading SBTs,Reading,SBT,TBD
2019,How Seeds Travel,Science,HHOT,TBD
2019,Plant Pigments,Science,HHOT,TBD
2019,Shock Absorber,Science,HHOT,TBD
2019,Whatâ€™s in the Mixture,Science,HHOT,TBD
2019,Bicycle Materials,Science,ICT,TBD
2019,Clear Water,Science,ICT,TBD
2019,Clues from Bones,Science,ICT,TBD
2019,Crayons to Candles,Science,ICT,TBD
2019,Ecosystem in a Jar,Science,ICT,TBD
2019,Good Vibrations,Science,ICT,TBD
2019,Green Roof Ecosystem,Science,ICT,TBD
2019,Living at the Top of the World,Science,ICT,TBD
2019,Mercury Contamination,Science,ICT,TBD
2019,Metal Reactivity,Science,ICT,TBD
2019,Where is the Water,Science,ICT,TBD
2019,Wildlife Pond,Science,ICT,TBD
